Date,Hours,Task_Description
2025-03-23,16,3:30am-6:42am: GeoDB schema development and PostGIS integration | 6:42am-9:00am: Break/lunch | 1:30pm-4:42pm: GeoDB schema development and PostGIS integration (continued) | 4:42pm-8:00pm: Break/dinner | 8:00pm-11:12pm: Ms. Jarvis LLM orchestration layer development
2025-03-24,16,3:30am-6:42am: MountainShares mutual credit ledger backend development | 6:42am-9:00am: Break/lunch | 1:30pm-4:42pm: MountainShares mutual credit ledger backend development (continued) | 4:42pm-8:00pm: Break/dinner | 8:00pm-11:12pm: Code review and refactoring for microservices consistency
2025-03-25,16,3:30am-6:42am: Testing suite development for API endpoints | 6:42am-9:00am: Break/lunch | 1:30pm-4:42pm: Testing suite development for API endpoints (continued) | 4:42pm-8:00pm: Break/dinner | 8:00pm-11:12pm: Database migration scripts and data integrity testing
2025-03-26,16,3:30am-6:42am: MountainShares mutual credit ledger backend development | 6:42am-9:00am: Break/lunch | 1:30pm-4:42pm: Geospatial query optimization and spatial analysis functions | 4:42pm-8:00pm: Break/dinner | 8:00pm-11:12pm: PostgreSQL query optimization and spatial indexing
2025-03-27,16,3:30am-6:42am: FastAPI endpoint development and API gateway integration | 6:42am-9:00am: Break/lunch | 1:30pm-4:42pm: FastAPI endpoint development and API gateway integration (continued) | 4:42pm-8:00pm: Break/dinner | 8:00pm-11:12pm: Authentication and authorization middleware development
2025-03-28,16,3:30am-6:42am: PostgreSQL query optimization and spatial indexing | 6:42am-9:00am: Break/lunch | 1:30pm-4:42pm: Docker containerization and microservices architecture | 4:42pm-8:00pm: Break/dinner | 8:00pm-11:12pm: Database migration scripts and data integrity testing
2025-03-29,16,3:30am-6:42am: GBIM spatial data pipeline development | 6:42am-9:00am: Break/lunch | 1:30pm-4:42pm: Ms. Jarvis LLM orchestration layer development | 4:42pm-8:00pm: Break/dinner | 8:00pm-11:12pm: Data integration pipelines and ETL process development
2025-03-30,16,3:30am-6:42am: Uvicorn deployment configuration and performance tuning | 6:42am-9:00am: Break/lunch | 1:30pm-4:42pm: Uvicorn deployment configuration and performance tuning (continued) | 4:42pm-8:00pm: Break/dinner | 8:00pm-11:12pm: Spatial database backup and recovery procedures
2025-03-31,16,3:30am-6:42am: ChromaDB vector database configuration and embedding optimization | 6:42am-9:00am: Break/lunch | 1:30pm-4:42pm: Geospatial query optimization and spatial analysis functions | 4:42pm-8:00pm: Break/dinner | 8:00pm-11:12pm: Testing suite development for API endpoints
2025-04-01,16,3:30am-6:42am: Data integration pipelines and ETL process development | 6:42am-9:00am: Break/lunch | 1:30pm-4:42pm: Data integration pipelines and ETL process development (continued) | 4:42pm-8:00pm: Break/dinner | 8:00pm-11:12pm: Ms. Jarvis LLM orchestration layer development
2025-04-02,16,3:30am-6:42am: Spatial database backup and recovery procedures | 6:42am-9:00am: Break/lunch | 1:30pm-4:42pm: Uvicorn deployment configuration and performance tuning | 4:42pm-8:00pm: Break/dinner | 8:00pm-11:12pm: Database migration scripts and data integrity testing
2025-04-03,16,3:30am-6:42am: ChromaDB vector database configuration and embedding optimization | 6:42am-9:00am: Break/lunch | 1:30pm-4:42pm: ChromaDB vector database configuration and embedding optimization (continued) | 4:42pm-8:00pm: Break/dinner | 8:00pm-11:12pm: MountainShares mutual credit ledger backend development
2025-04-04,0,Day off
2025-04-05,16,3:30am-6:42am: Ms. Jarvis LLM orchestration layer development | 6:42am-9:00am: Break/lunch | 1:30pm-4:42pm: MountainShares mutual credit ledger backend development | 4:42pm-8:00pm: Break/dinner | 8:00pm-11:12pm: GBIM spatial data pipeline development
2025-04-06,16,3:30am-6:42am: PostgreSQL query optimization and spatial indexing | 6:42am-9:00am: Break/lunch | 1:30pm-4:42pm: Geospatial query optimization and spatial analysis functions | 4:42pm-8:00pm: Break/dinner | 8:00pm-11:12pm: Uvicorn deployment configuration and performance tuning
2025-04-07,16,3:30am-6:42am: Uvicorn deployment configuration and performance tuning | 6:42am-9:00am: Break/lunch | 1:30pm-4:42pm: Uvicorn deployment configuration and performance tuning (continued) | 4:42pm-8:00pm: Break/dinner | 8:00pm-11:12pm: Spatial database backup and recovery procedures
2025-04-08,16,3:30am-6:42am: PostgreSQL query optimization and spatial indexing | 6:42am-9:00am: Break/lunch | 1:30pm-4:42pm: PostgreSQL query optimization and spatial indexing (continued) | 4:42pm-8:00pm: Break/dinner | 8:00pm-11:12pm: Ms. Jarvis LLM orchestration layer development
2025-04-09,16,3:30am-6:42am: Testing suite development for API endpoints | 6:42am-9:00am: Break/lunch | 1:30pm-4:42pm: Testing suite development for API endpoints (continued) | 4:42pm-8:00pm: Break/dinner | 8:00pm-11:12pm: MountainShares mutual credit ledger backend development
2025-04-10,16,3:30am-6:42am: Geospatial query optimization and spatial analysis functions | 6:42am-9:00am: Break/lunch | 1:30pm-4:42pm: Geospatial query optimization and spatial analysis functions (continued) | 4:42pm-8:00pm: Break/dinner | 8:00pm-11:12pm: Data integration pipelines and ETL process development
2025-04-11,16,3:30am-6:42am: Testing suite development for API endpoints | 6:42am-9:00am: Break/lunch | 1:30pm-4:42pm: MountainShares mutual credit ledger backend development | 4:42pm-8:00pm: Break/dinner | 8:00pm-11:12pm: Gateway routing configuration and service mesh testing
2025-04-12,16,3:30am-6:42am: MountainShares mutual credit ledger backend development | 6:42am-9:00am: Break/lunch | 1:30pm-4:42pm: MountainShares mutual credit ledger backend development (continued) | 4:42pm-8:00pm: Break/dinner | 8:00pm-11:12pm: ChromaDB vector database configuration and embedding optimization
2025-04-13,16,3:30am-6:42am: Data integration pipelines and ETL process development | 6:42am-9:00am: Break/lunch | 1:30pm-4:42pm: PostgreSQL query optimization and spatial indexing | 4:42pm-8:00pm: Break/dinner | 8:00pm-11:12pm: Ms. Jarvis LLM orchestration layer development
2025-04-14,16,3:30am-6:42am: Community governance platform backend development | 6:42am-9:00am: Break/lunch | 1:30pm-4:42pm: Community governance platform backend development (continued) | 4:42pm-8:00pm: Break/dinner | 8:00pm-11:12pm: Gateway routing configuration and service mesh testing
2025-04-15,16,3:30am-6:42am: System monitoring setup and error logging infrastructure | 6:42am-9:00am: Break/lunch | 1:30pm-4:42pm: System monitoring setup and error logging infrastructure (continued) | 4:42pm-8:00pm: Break/dinner | 8:00pm-11:12pm: Data integration pipelines and ETL process development
2025-04-16,16,3:30am-6:42am: Docker containerization and microservices architecture | 6:42am-9:00am: Break/lunch | 1:30pm-4:42pm: PostgreSQL query optimization and spatial indexing | 4:42pm-8:00pm: Break/dinner | 8:00pm-11:12pm: Spatial database backup and recovery procedures
2025-04-17,16,3:30am-6:42am: Testing suite development for API endpoints | 6:42am-9:00am: Break/lunch | 1:30pm-4:42pm: Testing suite development for API endpoints (continued) | 4:42pm-8:00pm: Break/dinner | 8:00pm-11:12pm: Spatial database backup and recovery procedures
2025-04-18,16,3:30am-6:42am: Community governance platform backend development | 6:42am-9:00am: Break/lunch | 1:30pm-4:42pm: Authentication and authorization middleware development | 4:42pm-8:00pm: Break/dinner | 8:00pm-11:12pm: Data integration pipelines and ETL process development
2025-04-19,16,3:30am-6:42am: MountainShares mutual credit ledger backend development | 6:42am-9:00am: Break/lunch | 1:30pm-4:42pm: Docker containerization and microservices architecture | 4:42pm-8:00pm: Break/dinner | 8:00pm-11:12pm: Code review and refactoring for microservices consistency
2025-04-20,16,3:30am-6:42am: Ms. Jarvis LLM orchestration layer development | 6:42am-9:00am: Break/lunch | 1:30pm-4:42pm: ChromaDB vector database configuration and embedding optimization | 4:42pm-8:00pm: Break/dinner | 8:00pm-11:12pm: GBIM spatial data pipeline development
2025-04-21,16,3:30am-6:42am: FastAPI endpoint development and API gateway integration | 6:42am-9:00am: Break/lunch | 1:30pm-4:42pm: FastAPI endpoint development and API gateway integration (continued) | 4:42pm-8:00pm: Break/dinner | 8:00pm-11:12pm: Authentication and authorization middleware development
2025-04-22,16,3:30am-6:42am: Data integration pipelines and ETL process development | 6:42am-9:00am: Break/lunch | 1:30pm-4:42pm: Data integration pipelines and ETL process development (continued) | 4:42pm-8:00pm: Break/dinner | 8:00pm-11:12pm: Spatial database backup and recovery procedures
2025-04-23,16,3:30am-6:42am: Code review and refactoring for microservices consistency | 6:42am-9:00am: Break/lunch | 1:30pm-4:42pm: PostgreSQL query optimization and spatial indexing | 4:42pm-8:00pm: Break/dinner | 8:00pm-11:12pm: Testing suite development for API endpoints
2025-04-24,16,3:30am-6:42am: GBIM spatial data pipeline development | 6:42am-9:00am: Break/lunch | 1:30pm-4:42pm: GBIM spatial data pipeline development (continued) | 4:42pm-8:00pm: Break/dinner | 8:00pm-11:12pm: Testing suite development for API endpoints
2025-04-25,16,3:30am-6:42am: Gateway routing configuration and service mesh testing | 6:42am-9:00am: Break/lunch | 1:30pm-4:42pm: GBIM spatial data pipeline development | 4:42pm-8:00pm: Break/dinner | 8:00pm-11:12pm: System documentation and technical specification writing
2025-04-26,16,3:30am-6:42am: FastAPI endpoint development and API gateway integration | 6:42am-9:00am: Break/lunch | 1:30pm-4:42pm: Geospatial query optimization and spatial analysis functions | 4:42pm-8:00pm: Break/dinner | 8:00pm-11:12pm: GeoDB schema development and PostGIS integration
2025-04-27,16,3:30am-6:42am: Code review and refactoring for microservices consistency | 6:42am-9:00am: Break/lunch | 1:30pm-4:42pm: FastAPI endpoint development and API gateway integration | 4:42pm-8:00pm: Break/dinner | 8:00pm-11:12pm: Spatial database backup and recovery procedures
2025-04-28,16,3:30am-6:42am: System documentation and technical specification writing | 6:42am-9:00am: Break/lunch | 1:30pm-4:42pm: System documentation and technical specification writing (continued) | 4:42pm-8:00pm: Break/dinner | 8:00pm-11:12pm: Code review and refactoring for microservices consistency
2025-04-29,16,3:30am-6:42am: Docker containerization and microservices architecture | 6:42am-9:00am: Break/lunch | 1:30pm-4:42pm: Docker containerization and microservices architecture (continued) | 4:42pm-8:00pm: Break/dinner | 8:00pm-11:12pm: Uvicorn deployment configuration and performance tuning
2025-04-30,16,3:30am-6:42am: Testing suite development for API endpoints | 6:42am-9:00am: Break/lunch | 1:30pm-4:42pm: Testing suite development for API endpoints (continued) | 4:42pm-8:00pm: Break/dinner | 8:00pm-11:12pm: Code review and refactoring for microservices consistency
2025-05-01,16,3:30am-6:42am: Spatial database backup and recovery procedures | 6:42am-9:00am: Break/lunch | 1:30pm-4:42pm: Spatial database backup and recovery procedures (continued) | 4:42pm-8:00pm: Break/dinner | 8:00pm-11:12pm: Gateway routing configuration and service mesh testing
2025-05-02,16,3:30am-6:42am: GeoDB schema development and PostGIS integration | 6:42am-9:00am: Break/lunch | 1:30pm-4:42pm: GBIM spatial data pipeline development | 4:42pm-8:00pm: Break/dinner | 8:00pm-11:12pm: Uvicorn deployment configuration and performance tuning
2025-05-03,16,3:30am-6:42am: MountainShares mutual credit ledger backend development | 6:42am-9:00am: Break/lunch | 1:30pm-4:42pm: ChromaDB vector database configuration and embedding optimization | 4:42pm-8:00pm: Break/dinner | 8:00pm-11:12pm: Spatial database backup and recovery procedures
2025-05-04,16,3:30am-6:42am: Ms. Jarvis LLM orchestration layer development | 6:42am-9:00am: Break/lunch | 1:30pm-4:42pm: Ms. Jarvis LLM orchestration layer development (continued) | 4:42pm-8:00pm: Break/dinner | 8:00pm-11:12pm: System monitoring setup and error logging infrastructure
2025-05-05,16,3:30am-6:42am: Testing suite development for API endpoints | 6:42am-9:00am: Break/lunch | 1:30pm-4:42pm: Testing suite development for API endpoints (continued) | 4:42pm-8:00pm: Break/dinner | 8:00pm-11:12pm: Docker containerization and microservices architecture
2025-05-06,0,Day off
2025-05-07,16,3:30am-6:42am: System monitoring setup and error logging infrastructure | 6:42am-9:00am: Break/lunch | 1:30pm-4:42pm: System monitoring setup and error logging infrastructure (continued) | 4:42pm-8:00pm: Break/dinner | 8:00pm-11:12pm: Testing suite development for API endpoints
2025-05-08,16,3:30am-6:42am: PostgreSQL query optimization and spatial indexing | 6:42am-9:00am: Break/lunch | 1:30pm-4:42pm: PostgreSQL query optimization and spatial indexing (continued) | 4:42pm-8:00pm: Break/dinner | 8:00pm-11:12pm: Code review and refactoring for microservices consistency
2025-05-09,16,3:30am-6:42am: Database migration scripts and data integrity testing | 6:42am-9:00am: Break/lunch | 1:30pm-4:42pm: Testing suite development for API endpoints | 4:42pm-8:00pm: Break/dinner | 8:00pm-11:12pm: Spatial database backup and recovery procedures
2025-05-10,16,3:30am-6:42am: Data integration pipelines and ETL process development | 6:42am-9:00am: Break/lunch | 1:30pm-4:42pm: Uvicorn deployment configuration and performance tuning | 4:42pm-8:00pm: Break/dinner | 8:00pm-11:12pm: Geospatial query optimization and spatial analysis functions
2025-05-11,16,3:30am-6:42am: GBIM spatial data pipeline development | 6:42am-9:00am: Break/lunch | 1:30pm-4:42pm: MountainShares mutual credit ledger backend development | 4:42pm-8:00pm: Break/dinner | 8:00pm-11:12pm: Community governance platform backend development
2025-05-12,16,3:30am-6:42am: Gateway routing configuration and service mesh testing | 6:42am-9:00am: Break/lunch | 1:30pm-4:42pm: Gateway routing configuration and service mesh testing (continued) | 4:42pm-8:00pm: Break/dinner | 8:00pm-11:12pm: GeoDB schema development and PostGIS integration
2025-05-13,16,3:30am-6:42am: Community governance platform backend development | 6:42am-9:00am: Break/lunch | 1:30pm-4:42pm: Community governance platform backend development (continued) | 4:42pm-8:00pm: Break/dinner | 8:00pm-11:12pm: MountainShares mutual credit ledger backend development
2025-05-14,0,Day off
2025-05-15,16,3:30am-6:42am: Ms. Jarvis LLM orchestration layer development | 6:42am-9:00am: Break/lunch | 1:30pm-4:42pm: Ms. Jarvis LLM orchestration layer development (continued) | 4:42pm-8:00pm: Break/dinner | 8:00pm-11:12pm: ChromaDB vector database configuration and embedding optimization
2025-05-16,16,3:30am-6:42am: Ms. Jarvis LLM orchestration layer development | 6:42am-9:00am: Break/lunch | 1:30pm-4:42pm: Ms. Jarvis LLM orchestration layer development (continued) | 4:42pm-8:00pm: Break/dinner | 8:00pm-11:12pm: ChromaDB vector database configuration and embedding optimization
2025-05-17,16,3:30am-6:42am: Ms. Jarvis LLM orchestration layer development | 6:42am-9:00am: Break/lunch | 1:30pm-4:42pm: Code review and refactoring for microservices consistency | 4:42pm-8:00pm: Break/dinner | 8:00pm-11:12pm: MountainShares mutual credit ledger backend development
2025-05-18,16,3:30am-6:42am: System monitoring setup and error logging infrastructure | 6:42am-9:00am: Break/lunch | 1:30pm-4:42pm: Database migration scripts and data integrity testing | 4:42pm-8:00pm: Break/dinner | 8:00pm-11:12pm: Testing suite development for API endpoints
2025-05-19,0,Day off
2025-05-20,16,3:30am-6:42am: Community governance platform backend development | 6:42am-9:00am: Break/lunch | 1:30pm-4:42pm: Community governance platform backend development (continued) | 4:42pm-8:00pm: Break/dinner | 8:00pm-11:12pm: Spatial database backup and recovery procedures
2025-05-21,16,3:30am-6:42am: MountainShares mutual credit ledger backend development | 6:42am-9:00am: Break/lunch | 1:30pm-4:42pm: System monitoring setup and error logging infrastructure | 4:42pm-8:00pm: Break/dinner | 8:00pm-11:12pm: Authentication and authorization middleware development
2025-05-22,16,3:30am-6:42am: GBIM spatial data pipeline development | 6:42am-9:00am: Break/lunch | 1:30pm-4:42pm: GBIM spatial data pipeline development (continued) | 4:42pm-8:00pm: Break/dinner | 8:00pm-11:12pm: Spatial database backup and recovery procedures
2025-05-23,16,3:30am-6:42am: Uvicorn deployment configuration and performance tuning | 6:42am-9:00am: Break/lunch | 1:30pm-4:42pm: Authentication and authorization middleware development | 4:42pm-8:00pm: Break/dinner | 8:00pm-11:12pm: Community governance platform backend development
2025-05-24,16,3:30am-6:42am: ChromaDB vector database configuration and embedding optimization | 6:42am-9:00am: Break/lunch | 1:30pm-4:42pm: GBIM spatial data pipeline development | 4:42pm-8:00pm: Break/dinner | 8:00pm-11:12pm: Spatial database backup and recovery procedures
2025-05-25,16,3:30am-6:42am: Gateway routing configuration and service mesh testing | 6:42am-9:00am: Break/lunch | 1:30pm-4:42pm: GBIM spatial data pipeline development | 4:42pm-8:00pm: Break/dinner | 8:00pm-11:12pm: MountainShares mutual credit ledger backend development
2025-05-26,16,3:30am-6:42am: Database migration scripts and data integrity testing | 6:42am-9:00am: Break/lunch | 1:30pm-4:42pm: Database migration scripts and data integrity testing (continued) | 4:42pm-8:00pm: Break/dinner | 8:00pm-11:12pm: Testing suite development for API endpoints
2025-05-27,16,3:30am-6:42am: Docker containerization and microservices architecture | 6:42am-9:00am: Break/lunch | 1:30pm-4:42pm: Authentication and authorization middleware development | 4:42pm-8:00pm: Break/dinner | 8:00pm-11:12pm: FastAPI endpoint development and API gateway integration
2025-05-28,16,3:30am-6:42am: Geospatial query optimization and spatial analysis functions | 6:42am-9:00am: Break/lunch | 1:30pm-4:42pm: MountainShares mutual credit ledger backend development | 4:42pm-8:00pm: Break/dinner | 8:00pm-11:12pm: Ms. Jarvis LLM orchestration layer development
2025-05-29,16,3:30am-6:42am: Testing suite development for API endpoints | 6:42am-9:00am: Break/lunch | 1:30pm-4:42pm: GBIM spatial data pipeline development | 4:42pm-8:00pm: Break/dinner | 8:00pm-11:12pm: ChromaDB vector database configuration and embedding optimization
2025-05-30,16,3:30am-6:42am: Ms. Jarvis LLM orchestration layer development | 6:42am-9:00am: Break/lunch | 1:30pm-4:42pm: Ms. Jarvis LLM orchestration layer development (continued) | 4:42pm-8:00pm: Break/dinner | 8:00pm-11:12pm: MountainShares mutual credit ledger backend development
2025-05-31,16,3:30am-6:42am: Authentication and authorization middleware development | 6:42am-9:00am: Break/lunch | 1:30pm-4:42pm: Authentication and authorization middleware development (continued) | 4:42pm-8:00pm: Break/dinner | 8:00pm-11:12pm: System monitoring setup and error logging infrastructure
2025-06-01,16,3:30am-6:42am: Database migration scripts and data integrity testing | 6:42am-9:00am: Break/lunch | 1:30pm-4:42pm: Data integration pipelines and ETL process development | 4:42pm-8:00pm: Break/dinner | 8:00pm-11:12pm: ChromaDB vector database configuration and embedding optimization
2025-06-02,0,Day off
2025-06-03,16,3:30am-6:42am: Data integration pipelines and ETL process development | 6:42am-9:00am: Break/lunch | 1:30pm-4:42pm: Data integration pipelines and ETL process development (continued) | 4:42pm-8:00pm: Break/dinner | 8:00pm-11:12pm: GeoDB schema development and PostGIS integration
2025-06-04,16,3:30am-6:42am: PostgreSQL query optimization and spatial indexing | 6:42am-9:00am: Break/lunch | 1:30pm-4:42pm: Geospatial query optimization and spatial analysis functions | 4:42pm-8:00pm: Break/dinner | 8:00pm-11:12pm: System documentation and technical specification writing
2025-06-05,16,3:30am-6:42am: Testing suite development for API endpoints | 6:42am-9:00am: Break/lunch | 1:30pm-4:42pm: System monitoring setup and error logging infrastructure | 4:42pm-8:00pm: Break/dinner | 8:00pm-11:12pm: Docker containerization and microservices architecture
2025-06-06,16,3:30am-6:42am: System documentation and technical specification writing | 6:42am-9:00am: Break/lunch | 1:30pm-4:42pm: System documentation and technical specification writing (continued) | 4:42pm-8:00pm: Break/dinner | 8:00pm-11:12pm: Database migration scripts and data integrity testing
2025-06-07,16,3:30am-6:42am: Community governance platform backend development | 6:42am-9:00am: Break/lunch | 1:30pm-4:42pm: Community governance platform backend development (continued) | 4:42pm-8:00pm: Break/dinner | 8:00pm-11:12pm: Testing suite development for API endpoints
2025-06-08,16,3:30am-6:42am: Gateway routing configuration and service mesh testing | 6:42am-9:00am: Break/lunch | 1:30pm-4:42pm: Gateway routing configuration and service mesh testing (continued) | 4:42pm-8:00pm: Break/dinner | 8:00pm-11:12pm: ChromaDB vector database configuration and embedding optimization
2025-06-09,16,3:30am-6:42am: Community governance platform backend development | 6:42am-9:00am: Break/lunch | 1:30pm-4:42pm: Community governance platform backend development (continued) | 4:42pm-8:00pm: Break/dinner | 8:00pm-11:12pm: System monitoring setup and error logging infrastructure
2025-06-10,16,3:30am-6:42am: ChromaDB vector database configuration and embedding optimization | 6:42am-9:00am: Break/lunch | 1:30pm-4:42pm: ChromaDB vector database configuration and embedding optimization (continued) | 4:42pm-8:00pm: Break/dinner | 8:00pm-11:12pm: Code review and refactoring for microservices consistency
2025-06-11,16,3:30am-6:42am: FastAPI endpoint development and API gateway integration | 6:42am-9:00am: Break/lunch | 1:30pm-4:42pm: FastAPI endpoint development and API gateway integration (continued) | 4:42pm-8:00pm: Break/dinner | 8:00pm-11:12pm: Ms. Jarvis LLM orchestration layer development
2025-06-12,16,3:30am-6:42am: MountainShares mutual credit ledger backend development | 6:42am-9:00am: Break/lunch | 1:30pm-4:42pm: MountainShares mutual credit ledger backend development (continued) | 4:42pm-8:00pm: Break/dinner | 8:00pm-11:12pm: Data integration pipelines and ETL process development
2025-06-13,16,3:30am-6:42am: Community governance platform backend development | 6:42am-9:00am: Break/lunch | 1:30pm-4:42pm: Community governance platform backend development (continued) | 4:42pm-8:00pm: Break/dinner | 8:00pm-11:12pm: MountainShares mutual credit ledger backend development
2025-06-14,16,3:30am-6:42am: Spatial database backup and recovery procedures | 6:42am-9:00am: Break/lunch | 1:30pm-4:42pm: Spatial database backup and recovery procedures (continued) | 4:42pm-8:00pm: Break/dinner | 8:00pm-11:12pm: Ms. Jarvis LLM orchestration layer development
2025-06-15,16,3:30am-6:42am: Community governance platform backend development | 6:42am-9:00am: Break/lunch | 1:30pm-4:42pm: Spatial database backup and recovery procedures | 4:42pm-8:00pm: Break/dinner | 8:00pm-11:12pm: Code review and refactoring for microservices consistency
2025-06-16,16,3:30am-6:42am: PostgreSQL query optimization and spatial indexing | 6:42am-9:00am: Break/lunch | 1:30pm-4:42pm: Database migration scripts and data integrity testing | 4:42pm-8:00pm: Break/dinner | 8:00pm-11:12pm: Gateway routing configuration and service mesh testing
2025-06-17,16,3:30am-6:42am: PostgreSQL query optimization and spatial indexing | 6:42am-9:00am: Break/lunch | 1:30pm-4:42pm: PostgreSQL query optimization and spatial indexing (continued) | 4:42pm-8:00pm: Break/dinner | 8:00pm-11:12pm: Data integration pipelines and ETL process development
2025-06-18,16,3:30am-6:42am: System documentation and technical specification writing | 6:42am-9:00am: Break/lunch | 1:30pm-4:42pm: System documentation and technical specification writing (continued) | 4:42pm-8:00pm: Break/dinner | 8:00pm-11:12pm: Geospatial query optimization and spatial analysis functions
2025-06-19,16,3:30am-6:42am: Ms. Jarvis LLM orchestration layer development | 6:42am-9:00am: Break/lunch | 1:30pm-4:42pm: GeoDB schema development and PostGIS integration | 4:42pm-8:00pm: Break/dinner | 8:00pm-11:12pm: Geospatial query optimization and spatial analysis functions
2025-06-20,16,3:30am-6:42am: Ms. Jarvis LLM orchestration layer development | 6:42am-9:00am: Break/lunch | 1:30pm-4:42pm: Ms. Jarvis LLM orchestration layer development (continued) | 4:42pm-8:00pm: Break/dinner | 8:00pm-11:12pm: Testing suite development for API endpoints
2025-06-21,16,3:30am-6:42am: Code review and refactoring for microservices consistency | 6:42am-9:00am: Break/lunch | 1:30pm-4:42pm: Code review and refactoring for microservices consistency (continued) | 4:42pm-8:00pm: Break/dinner | 8:00pm-11:12pm: PostgreSQL query optimization and spatial indexing
2025-06-22,16,3:30am-6:42am: Uvicorn deployment configuration and performance tuning | 6:42am-9:00am: Break/lunch | 1:30pm-4:42pm: Uvicorn deployment configuration and performance tuning (continued) | 4:42pm-8:00pm: Break/dinner | 8:00pm-11:12pm: Ms. Jarvis LLM orchestration layer development
2025-06-23,16,3:30am-6:42am: Uvicorn deployment configuration and performance tuning | 6:42am-9:00am: Break/lunch | 1:30pm-4:42pm: Uvicorn deployment configuration and performance tuning (continued) | 4:42pm-8:00pm: Break/dinner | 8:00pm-11:12pm: System documentation and technical specification writing
2025-06-24,16,3:30am-6:42am: Geospatial query optimization and spatial analysis functions | 6:42am-9:00am: Break/lunch | 1:30pm-4:42pm: Geospatial query optimization and spatial analysis functions (continued) | 4:42pm-8:00pm: Break/dinner | 8:00pm-11:12pm: Testing suite development for API endpoints
2025-06-25,16,3:30am-6:42am: Spatial database backup and recovery procedures | 6:42am-9:00am: Break/lunch | 1:30pm-4:42pm: Code review and refactoring for microservices consistency | 4:42pm-8:00pm: Break/dinner | 8:00pm-11:12pm: GeoDB schema development and PostGIS integration
2025-06-26,16,3:30am-6:42am: GBIM spatial data pipeline development | 6:42am-9:00am: Break/lunch | 1:30pm-4:42pm: Docker containerization and microservices architecture | 4:42pm-8:00pm: Break/dinner | 8:00pm-11:12pm: PostgreSQL query optimization and spatial indexing
2025-06-27,16,3:30am-6:42am: GBIM spatial data pipeline development | 6:42am-9:00am: Break/lunch | 1:30pm-4:42pm: GBIM spatial data pipeline development (continued) | 4:42pm-8:00pm: Break/dinner | 8:00pm-11:12pm: Testing suite development for API endpoints
2025-06-28,16,3:30am-6:42am: PostgreSQL query optimization and spatial indexing | 6:42am-9:00am: Break/lunch | 1:30pm-4:42pm: PostgreSQL query optimization and spatial indexing (continued) | 4:42pm-8:00pm: Break/dinner | 8:00pm-11:12pm: System documentation and technical specification writing
2025-06-29,16,3:30am-6:42am: Gateway routing configuration and service mesh testing | 6:42am-9:00am: Break/lunch | 1:30pm-4:42pm: Gateway routing configuration and service mesh testing (continued) | 4:42pm-8:00pm: Break/dinner | 8:00pm-11:12pm: Database migration scripts and data integrity testing
2025-06-30,16,3:30am-6:42am: Code review and refactoring for microservices consistency | 6:42am-9:00am: Break/lunch | 1:30pm-4:42pm: System monitoring setup and error logging infrastructure | 4:42pm-8:00pm: Break/dinner | 8:00pm-11:12pm: PostgreSQL query optimization and spatial indexing
2025-07-01,16,3:30am-6:42am: Ms. Jarvis LLM orchestration layer development | 6:42am-9:00am: Break/lunch | 1:30pm-4:42pm: Ms. Jarvis LLM orchestration layer development (continued) | 4:42pm-8:00pm: Break/dinner | 8:00pm-11:12pm: Authentication and authorization middleware development
2025-07-02,16,3:30am-6:42am: ChromaDB vector database configuration and embedding optimization | 6:42am-9:00am: Break/lunch | 1:30pm-4:42pm: GeoDB schema development and PostGIS integration | 4:42pm-8:00pm: Break/dinner | 8:00pm-11:12pm: Gateway routing configuration and service mesh testing
2025-07-03,16,3:30am-6:42am: PostgreSQL query optimization and spatial indexing | 6:42am-9:00am: Break/lunch | 1:30pm-4:42pm: PostgreSQL query optimization and spatial indexing (continued) | 4:42pm-8:00pm: Break/dinner | 8:00pm-11:12pm: FastAPI endpoint development and API gateway integration
2025-07-04,16,MountainShares smart contract system proof of concept achieved
2025-07-05,16,3:30am-6:42am: Testing suite development for API endpoints | 6:42am-9:00am: Break/lunch | 1:30pm-4:42pm: Authentication and authorization middleware development | 4:42pm-8:00pm: Break/dinner | 8:00pm-11:12pm: Spatial database backup and recovery procedures
2025-07-06,16,3:30am-6:42am: GBIM spatial data pipeline development | 6:42am-9:00am: Break/lunch | 1:30pm-4:42pm: GBIM spatial data pipeline development (continued) | 4:42pm-8:00pm: Break/dinner | 8:00pm-11:12pm: Ms. Jarvis LLM orchestration layer development
2025-07-07,16,3:30am-6:42am: Testing suite development for API endpoints | 6:42am-9:00am: Break/lunch | 1:30pm-4:42pm: Testing suite development for API endpoints (continued) | 4:42pm-8:00pm: Break/dinner | 8:00pm-11:12pm: ChromaDB vector database configuration and embedding optimization
2025-07-08,16,3:30am-6:42am: Community governance platform backend development | 6:42am-9:00am: Break/lunch | 1:30pm-4:42pm: Testing suite development for API endpoints | 4:42pm-8:00pm: Break/dinner | 8:00pm-11:12pm: Docker containerization and microservices architecture
2025-07-09,16,3:30am-6:42am: Docker containerization and microservices architecture | 6:42am-9:00am: Break/lunch | 1:30pm-4:42pm: ChromaDB vector database configuration and embedding optimization | 4:42pm-8:00pm: Break/dinner | 8:00pm-11:12pm: System documentation and technical specification writing
2025-07-10,16,3:30am-6:42am: ChromaDB vector database configuration and embedding optimization | 6:42am-9:00am: Break/lunch | 1:30pm-4:42pm: Uvicorn deployment configuration and performance tuning | 4:42pm-8:00pm: Break/dinner | 8:00pm-11:12pm: Database migration scripts and data integrity testing
2025-07-11,16,3:30am-6:42am: GBIM spatial data pipeline development | 6:42am-9:00am: Break/lunch | 1:30pm-4:42pm: GBIM spatial data pipeline development (continued) | 4:42pm-8:00pm: Break/dinner | 8:00pm-11:12pm: Uvicorn deployment configuration and performance tuning
2025-07-12,16,3:30am-6:42am: Spatial database backup and recovery procedures | 6:42am-9:00am: Break/lunch | 1:30pm-4:42pm: Docker containerization and microservices architecture | 4:42pm-8:00pm: Break/dinner | 8:00pm-11:12pm: MountainShares mutual credit ledger backend development
2025-07-13,16,3:30am-6:42am: FastAPI endpoint development and API gateway integration | 6:42am-9:00am: Break/lunch | 1:30pm-4:42pm: FastAPI endpoint development and API gateway integration (continued) | 4:42pm-8:00pm: Break/dinner | 8:00pm-11:12pm: Authentication and authorization middleware development
2025-07-14,16,3:30am-6:42am: FastAPI endpoint development and API gateway integration | 6:42am-9:00am: Break/lunch | 1:30pm-4:42pm: FastAPI endpoint development and API gateway integration (continued) | 4:42pm-8:00pm: Break/dinner | 8:00pm-11:12pm: Gateway routing configuration and service mesh testing
2025-07-15,16,3:30am-6:42am: MountainShares mutual credit ledger backend development | 6:42am-9:00am: Break/lunch | 1:30pm-4:42pm: PostgreSQL query optimization and spatial indexing | 4:42pm-8:00pm: Break/dinner | 8:00pm-11:12pm: FastAPI endpoint development and API gateway integration
2025-07-16,0,Day off
2025-07-17,16,3:30am-6:42am: Data integration pipelines and ETL process development | 6:42am-9:00am: Break/lunch | 1:30pm-4:42pm: Data integration pipelines and ETL process development (continued) | 4:42pm-8:00pm: Break/dinner | 8:00pm-11:12pm: ChromaDB vector database configuration and embedding optimization
2025-07-18,16,3:30am-6:42am: MountainShares mutual credit ledger backend development | 6:42am-9:00am: Break/lunch | 1:30pm-4:42pm: Database migration scripts and data integrity testing | 4:42pm-8:00pm: Break/dinner | 8:00pm-11:12pm: Geospatial query optimization and spatial analysis functions
2025-07-19,16,3:30am-6:42am: System documentation and technical specification writing | 6:42am-9:00am: Break/lunch | 1:30pm-4:42pm: MountainShares mutual credit ledger backend development | 4:42pm-8:00pm: Break/dinner | 8:00pm-11:12pm: Community governance platform backend development
2025-07-20,16,3:30am-6:42am: Database migration scripts and data integrity testing | 6:42am-9:00am: Break/lunch | 1:30pm-4:42pm: Database migration scripts and data integrity testing (continued) | 4:42pm-8:00pm: Break/dinner | 8:00pm-11:12pm: Data integration pipelines and ETL process development
2025-07-21,16,3:30am-6:42am: PostgreSQL query optimization and spatial indexing | 6:42am-9:00am: Break/lunch | 1:30pm-4:42pm: Ms. Jarvis LLM orchestration layer development | 4:42pm-8:00pm: Break/dinner | 8:00pm-11:12pm: Spatial database backup and recovery procedures
2025-07-22,16,3:30am-6:42am: Code review and refactoring for microservices consistency | 6:42am-9:00am: Break/lunch | 1:30pm-4:42pm: Data integration pipelines and ETL process development | 4:42pm-8:00pm: Break/dinner | 8:00pm-11:12pm: Testing suite development for API endpoints
2025-07-23,16,3:30am-6:42am: GeoDB schema development and PostGIS integration | 6:42am-9:00am: Break/lunch | 1:30pm-4:42pm: GBIM spatial data pipeline development | 4:42pm-8:00pm: Break/dinner | 8:00pm-11:12pm: PostgreSQL query optimization and spatial indexing
2025-07-24,16,3:30am-6:42am: Community governance platform backend development | 6:42am-9:00am: Break/lunch | 1:30pm-4:42pm: Community governance platform backend development (continued) | 4:42pm-8:00pm: Break/dinner | 8:00pm-11:12pm: PostgreSQL query optimization and spatial indexing
2025-07-25,16,3:30am-6:42am: GBIM spatial data pipeline development | 6:42am-9:00am: Break/lunch | 1:30pm-4:42pm: GBIM spatial data pipeline development (continued) | 4:42pm-8:00pm: Break/dinner | 8:00pm-11:12pm: Authentication and authorization middleware development
2025-07-26,16,3:30am-6:42am: Gateway routing configuration and service mesh testing | 6:42am-9:00am: Break/lunch | 1:30pm-4:42pm: Authentication and authorization middleware development | 4:42pm-8:00pm: Break/dinner | 8:00pm-11:12pm: Code review and refactoring for microservices consistency
2025-07-27,0,Day off
2025-07-28,16,3:30am-6:42am: Data integration pipelines and ETL process development | 6:42am-9:00am: Break/lunch | 1:30pm-4:42pm: Data integration pipelines and ETL process development (continued) | 4:42pm-8:00pm: Break/dinner | 8:00pm-11:12pm: Community governance platform backend development
2025-07-29,16,3:30am-6:42am: PostgreSQL query optimization and spatial indexing | 6:42am-9:00am: Break/lunch | 1:30pm-4:42pm: PostgreSQL query optimization and spatial indexing (continued) | 4:42pm-8:00pm: Break/dinner | 8:00pm-11:12pm: ChromaDB vector database configuration and embedding optimization
2025-07-30,16,3:30am-6:42am: GeoDB schema development and PostGIS integration | 6:42am-9:00am: Break/lunch | 1:30pm-4:42pm: Code review and refactoring for microservices consistency | 4:42pm-8:00pm: Break/dinner | 8:00pm-11:12pm: Testing suite development for API endpoints
2025-07-31,16,3:30am-6:42am: Uvicorn deployment configuration and performance tuning | 6:42am-9:00am: Break/lunch | 1:30pm-4:42pm: Uvicorn deployment configuration and performance tuning (continued) | 4:42pm-8:00pm: Break/dinner | 8:00pm-11:12pm: Authentication and authorization middleware development
2025-08-01,16,3:30am-6:42am: Gateway routing configuration and service mesh testing | 6:42am-9:00am: Break/lunch | 1:30pm-4:42pm: Gateway routing configuration and service mesh testing (continued) | 4:42pm-8:00pm: Break/dinner | 8:00pm-11:12pm: Spatial database backup and recovery procedures
2025-08-02,16,3:30am-6:42am: System documentation and technical specification writing | 6:42am-9:00am: Break/lunch | 1:30pm-4:42pm: System documentation and technical specification writing (continued) | 4:42pm-8:00pm: Break/dinner | 8:00pm-11:12pm: Code review and refactoring for microservices consistency
2025-08-03,16,3:30am-6:42am: Authentication and authorization middleware development | 6:42am-9:00am: Break/lunch | 1:30pm-4:42pm: Gateway routing configuration and service mesh testing | 4:42pm-8:00pm: Break/dinner | 8:00pm-11:12pm: Data integration pipelines and ETL process development
2025-08-04,16,3:30am-6:42am: Testing suite development for API endpoints | 6:42am-9:00am: Break/lunch | 1:30pm-4:42pm: Docker containerization and microservices architecture | 4:42pm-8:00pm: Break/dinner | 8:00pm-11:12pm: Database migration scripts and data integrity testing
2025-08-05,16,3:30am-6:42am: Data integration pipelines and ETL process development | 6:42am-9:00am: Break/lunch | 1:30pm-4:42pm: FastAPI endpoint development and API gateway integration | 4:42pm-8:00pm: Break/dinner | 8:00pm-11:12pm: System documentation and technical specification writing
2025-08-06,16,3:30am-6:42am: Testing suite development for API endpoints | 6:42am-9:00am: Break/lunch | 1:30pm-4:42pm: GeoDB schema development and PostGIS integration | 4:42pm-8:00pm: Break/dinner | 8:00pm-11:12pm: System documentation and technical specification writing
2025-08-07,16,3:30am-6:42am: Database migration scripts and data integrity testing | 6:42am-9:00am: Break/lunch | 1:30pm-4:42pm: Authentication and authorization middleware development | 4:42pm-8:00pm: Break/dinner | 8:00pm-11:12pm: Gateway routing configuration and service mesh testing
2025-08-08,16,3:30am-6:42am: Geospatial query optimization and spatial analysis functions | 6:42am-9:00am: Break/lunch | 1:30pm-4:42pm: Spatial database backup and recovery procedures | 4:42pm-8:00pm: Break/dinner | 8:00pm-11:12pm: Database migration scripts and data integrity testing
2025-08-09,16,3:30am-6:42am: FastAPI endpoint development and API gateway integration | 6:42am-9:00am: Break/lunch | 1:30pm-4:42pm: Ms. Jarvis LLM orchestration layer development | 4:42pm-8:00pm: Break/dinner | 8:00pm-11:12pm: System documentation and technical specification writing
2025-08-10,16,3:30am-6:42am: Ms. Jarvis LLM orchestration layer development | 6:42am-9:00am: Break/lunch | 1:30pm-4:42pm: MountainShares mutual credit ledger backend development | 4:42pm-8:00pm: Break/dinner | 8:00pm-11:12pm: System documentation and technical specification writing
2025-08-11,0,Day off
2025-08-12,16,3:30am-6:42am: Database migration scripts and data integrity testing | 6:42am-9:00am: Break/lunch | 1:30pm-4:42pm: Database migration scripts and data integrity testing (continued) | 4:42pm-8:00pm: Break/dinner | 8:00pm-11:12pm: Docker containerization and microservices architecture
2025-08-13,16,3:30am-6:42am: ChromaDB vector database configuration and embedding optimization | 6:42am-9:00am: Break/lunch | 1:30pm-4:42pm: ChromaDB vector database configuration and embedding optimization (continued) | 4:42pm-8:00pm: Break/dinner | 8:00pm-11:12pm: MountainShares mutual credit ledger backend development
2025-08-14,16,3:30am-6:42am: Spatial database backup and recovery procedures | 6:42am-9:00am: Break/lunch | 1:30pm-4:42pm: Ms. Jarvis LLM orchestration layer development | 4:42pm-8:00pm: Break/dinner | 8:00pm-11:12pm: Geospatial query optimization and spatial analysis functions
2025-08-15,16,3:30am-6:42am: Community governance platform backend development | 6:42am-9:00am: Break/lunch | 1:30pm-4:42pm: Database migration scripts and data integrity testing | 4:42pm-8:00pm: Break/dinner | 8:00pm-11:12pm: Data integration pipelines and ETL process development
2025-08-16,16,3:30am-6:42am: Data integration pipelines and ETL process development | 6:42am-9:00am: Break/lunch | 1:30pm-4:42pm: MountainShares mutual credit ledger backend development | 4:42pm-8:00pm: Break/dinner | 8:00pm-11:12pm: Docker containerization and microservices architecture
2025-08-17,16,3:30am-6:42am: GBIM spatial data pipeline development | 6:42am-9:00am: Break/lunch | 1:30pm-4:42pm: GBIM spatial data pipeline development (continued) | 4:42pm-8:00pm: Break/dinner | 8:00pm-11:12pm: Authentication and authorization middleware development
2025-08-18,16,3:30am-6:42am: FastAPI endpoint development and API gateway integration | 6:42am-9:00am: Break/lunch | 1:30pm-4:42pm: FastAPI endpoint development and API gateway integration (continued) | 4:42pm-8:00pm: Break/dinner | 8:00pm-11:12pm: Code review and refactoring for microservices consistency
2025-08-19,16,3:30am-6:42am: ChromaDB vector database configuration and embedding optimization | 6:42am-9:00am: Break/lunch | 1:30pm-4:42pm: Testing suite development for API endpoints | 4:42pm-8:00pm: Break/dinner | 8:00pm-11:12pm: MountainShares mutual credit ledger backend development
2025-08-20,16,3:30am-6:42am: Geospatial query optimization and spatial analysis functions | 6:42am-9:00am: Break/lunch | 1:30pm-4:42pm: Geospatial query optimization and spatial analysis functions (continued) | 4:42pm-8:00pm: Break/dinner | 8:00pm-11:12pm: Docker containerization and microservices architecture
2025-08-21,16,3:30am-6:42am: Code review and refactoring for microservices consistency | 6:42am-9:00am: Break/lunch | 1:30pm-4:42pm: Testing suite development for API endpoints | 4:42pm-8:00pm: Break/dinner | 8:00pm-11:12pm: Gateway routing configuration and service mesh testing
2025-08-22,16,3:30am-6:42am: Spatial database backup and recovery procedures | 6:42am-9:00am: Break/lunch | 1:30pm-4:42pm: Code review and refactoring for microservices consistency | 4:42pm-8:00pm: Break/dinner | 8:00pm-11:12pm: Authentication and authorization middleware development
2025-08-23,16,3:30am-6:42am: FastAPI endpoint development and API gateway integration | 6:42am-9:00am: Break/lunch | 1:30pm-4:42pm: System monitoring setup and error logging infrastructure | 4:42pm-8:00pm: Break/dinner | 8:00pm-11:12pm: Geospatial query optimization and spatial analysis functions
2025-08-24,16,3:30am-6:42am: MountainShares mutual credit ledger backend development | 6:42am-9:00am: Break/lunch | 1:30pm-4:42pm: PostgreSQL query optimization and spatial indexing | 4:42pm-8:00pm: Break/dinner | 8:00pm-11:12pm: Code review and refactoring for microservices consistency
2025-08-25,16,3:30am-6:42am: MountainShares mutual credit ledger backend development | 6:42am-9:00am: Break/lunch | 1:30pm-4:42pm: PostgreSQL query optimization and spatial indexing | 4:42pm-8:00pm: Break/dinner | 8:00pm-11:12pm: Geospatial query optimization and spatial analysis functions
2025-08-26,16,3:30am-6:42am: System documentation and technical specification writing | 6:42am-9:00am: Break/lunch | 1:30pm-4:42pm: System documentation and technical specification writing (continued) | 4:42pm-8:00pm: Break/dinner | 8:00pm-11:12pm: MountainShares mutual credit ledger backend development
2025-08-27,16,3:30am-6:42am: Gateway routing configuration and service mesh testing | 6:42am-9:00am: Break/lunch | 1:30pm-4:42pm: Spatial database backup and recovery procedures | 4:42pm-8:00pm: Break/dinner | 8:00pm-11:12pm: Testing suite development for API endpoints
2025-08-28,16,3:30am-6:42am: Docker containerization and microservices architecture | 6:42am-9:00am: Break/lunch | 1:30pm-4:42pm: Docker containerization and microservices architecture (continued) | 4:42pm-8:00pm: Break/dinner | 8:00pm-11:12pm: Spatial database backup and recovery procedures
2025-08-29,16,3:30am-6:42am: Data integration pipelines and ETL process development | 6:42am-9:00am: Break/lunch | 1:30pm-4:42pm: Data integration pipelines and ETL process development (continued) | 4:42pm-8:00pm: Break/dinner | 8:00pm-11:12pm: Docker containerization and microservices architecture
2025-08-30,16,3:30am-6:42am: Ms. Jarvis LLM orchestration layer development | 6:42am-9:00am: Break/lunch | 1:30pm-4:42pm: Ms. Jarvis LLM orchestration layer development (continued) | 4:42pm-8:00pm: Break/dinner | 8:00pm-11:12pm: Authentication and authorization middleware development
2025-08-31,16,3:30am-6:42am: Gateway routing configuration and service mesh testing | 6:42am-9:00am: Break/lunch | 1:30pm-4:42pm: Testing suite development for API endpoints | 4:42pm-8:00pm: Break/dinner | 8:00pm-11:12pm: Geospatial query optimization and spatial analysis functions
2025-09-01,16,3:30am-6:42am: ChromaDB vector database configuration and embedding optimization | 6:42am-9:00am: Break/lunch | 1:30pm-4:42pm: Database migration scripts and data integrity testing | 4:42pm-8:00pm: Break/dinner | 8:00pm-11:12pm: Authentication and authorization middleware development
2025-09-02,16,3:30am-6:42am: Community governance platform backend development | 6:42am-9:00am: Break/lunch | 1:30pm-4:42pm: GeoDB schema development and PostGIS integration | 4:42pm-8:00pm: Break/dinner | 8:00pm-11:12pm: Data integration pipelines and ETL process development
2025-09-03,16,3:30am-6:42am: GeoDB schema development and PostGIS integration | 6:42am-9:00am: Break/lunch | 1:30pm-4:42pm: Uvicorn deployment configuration and performance tuning | 4:42pm-8:00pm: Break/dinner | 8:00pm-11:12pm: System documentation and technical specification writing
2025-09-04,16,3:30am-6:42am: Authentication and authorization middleware development | 6:42am-9:00am: Break/lunch | 1:30pm-4:42pm: Testing suite development for API endpoints | 4:42pm-8:00pm: Break/dinner | 8:00pm-11:12pm: Community governance platform backend development
2025-09-05,16,3:30am-6:42am: System monitoring setup and error logging infrastructure | 6:42am-9:00am: Break/lunch | 1:30pm-4:42pm: System monitoring setup and error logging infrastructure (continued) | 4:42pm-8:00pm: Break/dinner | 8:00pm-11:12pm: MountainShares mutual credit ledger backend development
2025-09-06,16,3:30am-6:42am: Authentication and authorization middleware development | 6:42am-9:00am: Break/lunch | 1:30pm-4:42pm: System monitoring setup and error logging infrastructure | 4:42pm-8:00pm: Break/dinner | 8:00pm-11:12pm: GeoDB schema development and PostGIS integration
2025-09-07,16,3:30am-6:42am: Gateway routing configuration and service mesh testing | 6:42am-9:00am: Break/lunch | 1:30pm-4:42pm: Data integration pipelines and ETL process development | 4:42pm-8:00pm: Break/dinner | 8:00pm-11:12pm: FastAPI endpoint development and API gateway integration
2025-09-08,16,3:30am-6:42am: Docker containerization and microservices architecture | 6:42am-9:00am: Break/lunch | 1:30pm-4:42pm: Testing suite development for API endpoints | 4:42pm-8:00pm: Break/dinner | 8:00pm-11:12pm: GeoDB schema development and PostGIS integration
2025-09-09,16,3:30am-6:42am: Community governance platform backend development | 6:42am-9:00am: Break/lunch | 1:30pm-4:42pm: Spatial database backup and recovery procedures | 4:42pm-8:00pm: Break/dinner | 8:00pm-11:12pm: GeoDB schema development and PostGIS integration
2025-09-10,16,3:30am-6:42am: Authentication and authorization middleware development | 6:42am-9:00am: Break/lunch | 1:30pm-4:42pm: Authentication and authorization middleware development (continued) | 4:42pm-8:00pm: Break/dinner | 8:00pm-11:12pm: Docker containerization and microservices architecture
2025-09-11,16,Blue screen of death - ordered 10TB external hard drive, began data recovery
2025-09-12,16,3:30am-6:42am: FastAPI endpoint development and API gateway integration | 6:42am-9:00am: Break/lunch | 1:30pm-4:42pm: ChromaDB vector database configuration and embedding optimization | 4:42pm-8:00pm: Break/dinner | 8:00pm-11:12pm: PostgreSQL query optimization and spatial indexing
2025-09-13,16,3:30am-6:42am: Gateway routing configuration and service mesh testing | 6:42am-9:00am: Break/lunch | 1:30pm-4:42pm: Database migration scripts and data integrity testing | 4:42pm-8:00pm: Break/dinner | 8:00pm-11:12pm: Geospatial query optimization and spatial analysis functions
2025-09-14,16,3:30am-6:42am: Gateway routing configuration and service mesh testing | 6:42am-9:00am: Break/lunch | 1:30pm-4:42pm: Data integration pipelines and ETL process development | 4:42pm-8:00pm: Break/dinner | 8:00pm-11:12pm: PostgreSQL query optimization and spatial indexing
2025-09-15,16,3:30am-6:42am: PostgreSQL query optimization and spatial indexing | 6:42am-9:00am: Break/lunch | 1:30pm-4:42pm: Ms. Jarvis LLM orchestration layer development | 4:42pm-8:00pm: Break/dinner | 8:00pm-11:12pm: System monitoring setup and error logging infrastructure
2025-09-16,16,3:30am-6:42am: Testing suite development for API endpoints | 6:42am-9:00am: Break/lunch | 1:30pm-4:42pm: Testing suite development for API endpoints (continued) | 4:42pm-8:00pm: Break/dinner | 8:00pm-11:12pm: ChromaDB vector database configuration and embedding optimization
2025-09-17,16,3:30am-6:42am: MountainShares mutual credit ledger backend development | 6:42am-9:00am: Break/lunch | 1:30pm-4:42pm: Ms. Jarvis LLM orchestration layer development | 4:42pm-8:00pm: Break/dinner | 8:00pm-11:12pm: ChromaDB vector database configuration and embedding optimization
2025-09-18,16,3:30am-6:42am: MountainShares mutual credit ledger backend development | 6:42am-9:00am: Break/lunch | 1:30pm-4:42pm: MountainShares mutual credit ledger backend development (continued) | 4:42pm-8:00pm: Break/dinner | 8:00pm-11:12pm: Database migration scripts and data integrity testing
2025-09-19,16,3:30am-6:42am: Spatial database backup and recovery procedures | 6:42am-9:00am: Break/lunch | 1:30pm-4:42pm: Spatial database backup and recovery procedures (continued) | 4:42pm-8:00pm: Break/dinner | 8:00pm-11:12pm: Docker containerization and microservices architecture
2025-09-20,16,3:30am-6:42am: Docker containerization and microservices architecture | 6:42am-9:00am: Break/lunch | 1:30pm-4:42pm: Docker containerization and microservices architecture (continued) | 4:42pm-8:00pm: Break/dinner | 8:00pm-11:12pm: System monitoring setup and error logging infrastructure
2025-09-21,16,3:30am-6:42am: Community governance platform backend development | 6:42am-9:00am: Break/lunch | 1:30pm-4:42pm: Community governance platform backend development (continued) | 4:42pm-8:00pm: Break/dinner | 8:00pm-11:12pm: Database migration scripts and data integrity testing
2025-09-22,16,3:30am-6:42am: PostgreSQL query optimization and spatial indexing | 6:42am-9:00am: Break/lunch | 1:30pm-4:42pm: Uvicorn deployment configuration and performance tuning | 4:42pm-8:00pm: Break/dinner | 8:00pm-11:12pm: FastAPI endpoint development and API gateway integration
2025-09-23,16,3:30am-6:42am: FastAPI endpoint development and API gateway integration | 6:42am-9:00am: Break/lunch | 1:30pm-4:42pm: FastAPI endpoint development and API gateway integration (continued) | 4:42pm-8:00pm: Break/dinner | 8:00pm-11:12pm: System documentation and technical specification writing
2025-09-24,16,3:30am-6:42am: Community governance platform backend development | 6:42am-9:00am: Break/lunch | 1:30pm-4:42pm: Community governance platform backend development (continued) | 4:42pm-8:00pm: Break/dinner | 8:00pm-11:12pm: GeoDB schema development and PostGIS integration
2025-09-25,16,3:30am-6:42am: Community governance platform backend development | 6:42am-9:00am: Break/lunch | 1:30pm-4:42pm: Data integration pipelines and ETL process development | 4:42pm-8:00pm: Break/dinner | 8:00pm-11:12pm: Spatial database backup and recovery procedures
2025-09-26,16,3:30am-6:42am: Ms. Jarvis LLM orchestration layer development | 6:42am-9:00am: Break/lunch | 1:30pm-4:42pm: Ms. Jarvis LLM orchestration layer development (continued) | 4:42pm-8:00pm: Break/dinner | 8:00pm-11:12pm: Community governance platform backend development
2025-09-27,16,3:30am-6:42am: GBIM spatial data pipeline development | 6:42am-9:00am: Break/lunch | 1:30pm-4:42pm: GBIM spatial data pipeline development (continued) | 4:42pm-8:00pm: Break/dinner | 8:00pm-11:12pm: System documentation and technical specification writing
2025-09-28,16,3:30am-6:42am: Community governance platform backend development | 6:42am-9:00am: Break/lunch | 1:30pm-4:42pm: Community governance platform backend development (continued) | 4:42pm-8:00pm: Break/dinner | 8:00pm-11:12pm: ChromaDB vector database configuration and embedding optimization
2025-09-29,16,3:30am-6:42am: Testing suite development for API endpoints | 6:42am-9:00am: Break/lunch | 1:30pm-4:42pm: Authentication and authorization middleware development | 4:42pm-8:00pm: Break/dinner | 8:00pm-11:12pm: Uvicorn deployment configuration and performance tuning
2025-09-30,16,3:30am-6:42am: Code review and refactoring for microservices consistency | 6:42am-9:00am: Break/lunch | 1:30pm-4:42pm: Code review and refactoring for microservices consistency (continued) | 4:42pm-8:00pm: Break/dinner | 8:00pm-11:12pm: Gateway routing configuration and service mesh testing
2025-10-01,16,3:30am-6:42am: Authentication and authorization middleware development | 6:42am-9:00am: Break/lunch | 1:30pm-4:42pm: Authentication and authorization middleware development (continued) | 4:42pm-8:00pm: Break/dinner | 8:00pm-11:12pm: System monitoring setup and error logging infrastructure
2025-10-02,16,3:30am-6:42am: Authentication and authorization middleware development | 6:42am-9:00am: Break/lunch | 1:30pm-4:42pm: Authentication and authorization middleware development (continued) | 4:42pm-8:00pm: Break/dinner | 8:00pm-11:12pm: Uvicorn deployment configuration and performance tuning
2025-10-03,16,3:30am-6:42am: Docker containerization and microservices architecture | 6:42am-9:00am: Break/lunch | 1:30pm-4:42pm: Authentication and authorization middleware development | 4:42pm-8:00pm: Break/dinner | 8:00pm-11:12pm: FastAPI endpoint development and API gateway integration
2025-10-04,16,3:30am-6:42am: Spatial database backup and recovery procedures | 6:42am-9:00am: Break/lunch | 1:30pm-4:42pm: Testing suite development for API endpoints | 4:42pm-8:00pm: Break/dinner | 8:00pm-11:12pm: System monitoring setup and error logging infrastructure
2025-10-05,16,3:30am-6:42am: Authentication and authorization middleware development | 6:42am-9:00am: Break/lunch | 1:30pm-4:42pm: Community governance platform backend development | 4:42pm-8:00pm: Break/dinner | 8:00pm-11:12pm: PostgreSQL query optimization and spatial indexing
2025-10-06,16,3:30am-6:42am: MountainShares mutual credit ledger backend development | 6:42am-9:00am: Break/lunch | 1:30pm-4:42pm: Ms. Jarvis LLM orchestration layer development | 4:42pm-8:00pm: Break/dinner | 8:00pm-11:12pm: PostgreSQL query optimization and spatial indexing
2025-10-07,16,3:30am-6:42am: MountainShares mutual credit ledger backend development | 6:42am-9:00am: Break/lunch | 1:30pm-4:42pm: Geospatial query optimization and spatial analysis functions | 4:42pm-8:00pm: Break/dinner | 8:00pm-11:12pm: Data integration pipelines and ETL process development
2025-10-08,16,Retrofitted old hard drive and moved it to Lenovo, began system rebuild
2025-10-09,16,3:30am-6:42am: GeoDB schema development and PostGIS integration | 6:42am-9:00am: Break/lunch | 1:30pm-4:42pm: System monitoring setup and error logging infrastructure | 4:42pm-8:00pm: Break/dinner | 8:00pm-11:12pm: Gateway routing configuration and service mesh testing
2025-10-10,16,3:30am-6:42am: System monitoring setup and error logging infrastructure | 6:42am-9:00am: Break/lunch | 1:30pm-4:42pm: System monitoring setup and error logging infrastructure (continued) | 4:42pm-8:00pm: Break/dinner | 8:00pm-11:12pm: Database migration scripts and data integrity testing
2025-10-11,16,3:30am-6:42am: PostgreSQL query optimization and spatial indexing | 6:42am-9:00am: Break/lunch | 1:30pm-4:42pm: Gateway routing configuration and service mesh testing | 4:42pm-8:00pm: Break/dinner | 8:00pm-11:12pm: Spatial database backup and recovery procedures
2025-10-12,16,3:30am-6:42am: Testing suite development for API endpoints | 6:42am-9:00am: Break/lunch | 1:30pm-4:42pm: GeoDB schema development and PostGIS integration | 4:42pm-8:00pm: Break/dinner | 8:00pm-11:12pm: Code review and refactoring for microservices consistency
2025-10-13,16,3:30am-6:42am: Ms. Jarvis LLM orchestration layer development | 6:42am-9:00am: Break/lunch | 1:30pm-4:42pm: Ms. Jarvis LLM orchestration layer development (continued) | 4:42pm-8:00pm: Break/dinner | 8:00pm-11:12pm: MountainShares mutual credit ledger backend development
2025-10-14,16,3:30am-6:42am: System monitoring setup and error logging infrastructure | 6:42am-9:00am: Break/lunch | 1:30pm-4:42pm: Testing suite development for API endpoints | 4:42pm-8:00pm: Break/dinner | 8:00pm-11:12pm: MountainShares mutual credit ledger backend development
2025-10-15,16,3:30am-6:42am: System monitoring setup and error logging infrastructure | 6:42am-9:00am: Break/lunch | 1:30pm-4:42pm: Geospatial query optimization and spatial analysis functions | 4:42pm-8:00pm: Break/dinner | 8:00pm-11:12pm: GeoDB schema development and PostGIS integration
2025-10-16,16,3:30am-6:42am: System documentation and technical specification writing | 6:42am-9:00am: Break/lunch | 1:30pm-4:42pm: System documentation and technical specification writing (continued) | 4:42pm-8:00pm: Break/dinner | 8:00pm-11:12pm: MountainShares mutual credit ledger backend development
2025-10-17,16,3:30am-6:42am: MountainShares mutual credit ledger backend development | 6:42am-9:00am: Break/lunch | 1:30pm-4:42pm: System documentation and technical specification writing | 4:42pm-8:00pm: Break/dinner | 8:00pm-11:12pm: Uvicorn deployment configuration and performance tuning
2025-10-18,16,3:30am-6:42am: Testing suite development for API endpoints | 6:42am-9:00am: Break/lunch | 1:30pm-4:42pm: Code review and refactoring for microservices consistency | 4:42pm-8:00pm: Break/dinner | 8:00pm-11:12pm: Uvicorn deployment configuration and performance tuning
2025-10-19,16,3:30am-6:42am: Testing suite development for API endpoints | 6:42am-9:00am: Break/lunch | 1:30pm-4:42pm: Gateway routing configuration and service mesh testing | 4:42pm-8:00pm: Break/dinner | 8:00pm-11:12pm: Uvicorn deployment configuration and performance tuning
2025-10-20,16,3:30am-6:42am: PostgreSQL query optimization and spatial indexing | 6:42am-9:00am: Break/lunch | 1:30pm-4:42pm: System documentation and technical specification writing | 4:42pm-8:00pm: Break/dinner | 8:00pm-11:12pm: Spatial database backup and recovery procedures
2025-10-21,16,3:30am-6:42am: GBIM spatial data pipeline development | 6:42am-9:00am: Break/lunch | 1:30pm-4:42pm: GBIM spatial data pipeline development (continued) | 4:42pm-8:00pm: Break/dinner | 8:00pm-11:12pm: Database migration scripts and data integrity testing
2025-10-22,16,3:30am-6:42am: GBIM spatial data pipeline development | 6:42am-9:00am: Break/lunch | 1:30pm-4:42pm: Testing suite development for API endpoints | 4:42pm-8:00pm: Break/dinner | 8:00pm-11:12pm: FastAPI endpoint development and API gateway integration
2025-10-23,16,3:30am-6:42am: Database migration scripts and data integrity testing | 6:42am-9:00am: Break/lunch | 1:30pm-4:42pm: Database migration scripts and data integrity testing (continued) | 4:42pm-8:00pm: Break/dinner | 8:00pm-11:12pm: System monitoring setup and error logging infrastructure
2025-10-24,16,3:30am-6:42am: Community governance platform backend development | 6:42am-9:00am: Break/lunch | 1:30pm-4:42pm: Code review and refactoring for microservices consistency | 4:42pm-8:00pm: Break/dinner | 8:00pm-11:12pm: System documentation and technical specification writing
2025-10-25,16,3:30am-6:42am: Database migration scripts and data integrity testing | 6:42am-9:00am: Break/lunch | 1:30pm-4:42pm: Database migration scripts and data integrity testing (continued) | 4:42pm-8:00pm: Break/dinner | 8:00pm-11:12pm: System documentation and technical specification writing
2025-10-26,16,3:30am-6:42am: Uvicorn deployment configuration and performance tuning | 6:42am-9:00am: Break/lunch | 1:30pm-4:42pm: Uvicorn deployment configuration and performance tuning (continued) | 4:42pm-8:00pm: Break/dinner | 8:00pm-11:12pm: FastAPI endpoint development and API gateway integration
2025-10-27,16,3:30am-6:42am: GeoDB schema development and PostGIS integration | 6:42am-9:00am: Break/lunch | 1:30pm-4:42pm: Testing suite development for API endpoints | 4:42pm-8:00pm: Break/dinner | 8:00pm-11:12pm: Docker containerization and microservices architecture
2025-10-28,0,Day off
2025-10-29,16,3:30am-6:42am: ChromaDB vector database configuration and embedding optimization | 6:42am-9:00am: Break/lunch | 1:30pm-4:42pm: Spatial database backup and recovery procedures | 4:42pm-8:00pm: Break/dinner | 8:00pm-11:12pm: Testing suite development for API endpoints
2025-10-30,16,3:30am-6:42am: Docker containerization and microservices architecture | 6:42am-9:00am: Break/lunch | 1:30pm-4:42pm: System monitoring setup and error logging infrastructure | 4:42pm-8:00pm: Break/dinner | 8:00pm-11:12pm: GBIM spatial data pipeline development
2025-10-31,16,3:30am-6:42am: Community governance platform backend development | 6:42am-9:00am: Break/lunch | 1:30pm-4:42pm: Community governance platform backend development (continued) | 4:42pm-8:00pm: Break/dinner | 8:00pm-11:12pm: System documentation and technical specification writing
2025-11-01,16,3:30am-6:42am: System monitoring setup and error logging infrastructure | 6:42am-9:00am: Break/lunch | 1:30pm-4:42pm: Geospatial query optimization and spatial analysis functions | 4:42pm-8:00pm: Break/dinner | 8:00pm-11:12pm: Gateway routing configuration and service mesh testing
2025-11-02,16,3:30am-6:42am: ChromaDB vector database configuration and embedding optimization | 6:42am-9:00am: Break/lunch | 1:30pm-4:42pm: ChromaDB vector database configuration and embedding optimization (continued) | 4:42pm-8:00pm: Break/dinner | 8:00pm-11:12pm: PostgreSQL query optimization and spatial indexing
2025-11-03,16,3:30am-6:42am: GBIM spatial data pipeline development | 6:42am-9:00am: Break/lunch | 1:30pm-4:42pm: Ms. Jarvis LLM orchestration layer development | 4:42pm-8:00pm: Break/dinner | 8:00pm-11:12pm: Data integration pipelines and ETL process development
2025-11-04,16,3:30am-6:42am: Ms. Jarvis LLM orchestration layer development | 6:42am-9:00am: Break/lunch | 1:30pm-4:42pm: Community governance platform backend development | 4:42pm-8:00pm: Break/dinner | 8:00pm-11:12pm: ChromaDB vector database configuration and embedding optimization
2025-11-05,16,3:30am-6:42am: Docker containerization and microservices architecture | 6:42am-9:00am: Break/lunch | 1:30pm-4:42pm: Docker containerization and microservices architecture (continued) | 4:42pm-8:00pm: Break/dinner | 8:00pm-11:12pm: Community governance platform backend development
2025-11-06,16,3:30am-6:42am: Ms. Jarvis LLM orchestration layer development | 6:42am-9:00am: Break/lunch | 1:30pm-4:42pm: MountainShares mutual credit ledger backend development | 4:42pm-8:00pm: Break/dinner | 8:00pm-11:12pm: GBIM spatial data pipeline development
2025-11-07,16,3:30am-6:42am: Spatial database backup and recovery procedures | 6:42am-9:00am: Break/lunch | 1:30pm-4:42pm: MountainShares mutual credit ledger backend development | 4:42pm-8:00pm: Break/dinner | 8:00pm-11:12pm: Code review and refactoring for microservices consistency
2025-11-08,16,3:30am-6:42am: Geospatial query optimization and spatial analysis functions | 6:42am-9:00am: Break/lunch | 1:30pm-4:42pm: Spatial database backup and recovery procedures | 4:42pm-8:00pm: Break/dinner | 8:00pm-11:12pm: System documentation and technical specification writing
2025-11-09,16,3:30am-6:42am: System documentation and technical specification writing | 6:42am-9:00am: Break/lunch | 1:30pm-4:42pm: Community governance platform backend development | 4:42pm-8:00pm: Break/dinner | 8:00pm-11:12pm: ChromaDB vector database configuration and embedding optimization
2025-11-10,16,3:30am-6:42am: Database migration scripts and data integrity testing | 6:42am-9:00am: Break/lunch | 1:30pm-4:42pm: Database migration scripts and data integrity testing (continued) | 4:42pm-8:00pm: Break/dinner | 8:00pm-11:12pm: Spatial database backup and recovery procedures
2025-11-11,16,3:30am-6:42am: Ms. Jarvis LLM orchestration layer development | 6:42am-9:00am: Break/lunch | 1:30pm-4:42pm: FastAPI endpoint development and API gateway integration | 4:42pm-8:00pm: Break/dinner | 8:00pm-11:12pm: MountainShares mutual credit ledger backend development
2025-11-12,16,3:30am-6:42am: Testing suite development for API endpoints | 6:42am-9:00am: Break/lunch | 1:30pm-4:42pm: Testing suite development for API endpoints (continued) | 4:42pm-8:00pm: Break/dinner | 8:00pm-11:12pm: Ms. Jarvis LLM orchestration layer development
2025-11-13,16,3:30am-6:42am: GeoDB schema development and PostGIS integration | 6:42am-9:00am: Break/lunch | 1:30pm-4:42pm: GeoDB schema development and PostGIS integration (continued) | 4:42pm-8:00pm: Break/dinner | 8:00pm-11:12pm: Authentication and authorization middleware development
2025-11-14,16,3:30am-6:42am: Spatial database backup and recovery procedures | 6:42am-9:00am: Break/lunch | 1:30pm-4:42pm: System monitoring setup and error logging infrastructure | 4:42pm-8:00pm: Break/dinner | 8:00pm-11:12pm: System documentation and technical specification writing
2025-11-15,16,3:30am-6:42am: MountainShares mutual credit ledger backend development | 6:42am-9:00am: Break/lunch | 1:30pm-4:42pm: MountainShares mutual credit ledger backend development (continued) | 4:42pm-8:00pm: Break/dinner | 8:00pm-11:12pm: System documentation and technical specification writing
2025-11-16,16,3:30am-6:42am: Geospatial query optimization and spatial analysis functions | 6:42am-9:00am: Break/lunch | 1:30pm-4:42pm: Ms. Jarvis LLM orchestration layer development | 4:42pm-8:00pm: Break/dinner | 8:00pm-11:12pm: MountainShares mutual credit ledger backend development
2025-11-17,16,3:30am-6:42am: Community governance platform backend development | 6:42am-9:00am: Break/lunch | 1:30pm-4:42pm: Database migration scripts and data integrity testing | 4:42pm-8:00pm: Break/dinner | 8:00pm-11:12pm: Authentication and authorization middleware development
2025-11-18,16,3:30am-6:42am: Testing suite development for API endpoints | 6:42am-9:00am: Break/lunch | 1:30pm-4:42pm: Testing suite development for API endpoints (continued) | 4:42pm-8:00pm: Break/dinner | 8:00pm-11:12pm: MountainShares mutual credit ledger backend development
2025-11-19,16,3:30am-6:42am: PostgreSQL query optimization and spatial indexing | 6:42am-9:00am: Break/lunch | 1:30pm-4:42pm: PostgreSQL query optimization and spatial indexing (continued) | 4:42pm-8:00pm: Break/dinner | 8:00pm-11:12pm: Docker containerization and microservices architecture
2025-11-20,16,3:30am-6:42am: ChromaDB vector database configuration and embedding optimization | 6:42am-9:00am: Break/lunch | 1:30pm-4:42pm: ChromaDB vector database configuration and embedding optimization (continued) | 4:42pm-8:00pm: Break/dinner | 8:00pm-11:12pm: FastAPI endpoint development and API gateway integration
2025-11-21,16,3:30am-6:42am: Spatial database backup and recovery procedures | 6:42am-9:00am: Break/lunch | 1:30pm-4:42pm: Community governance platform backend development | 4:42pm-8:00pm: Break/dinner | 8:00pm-11:12pm: System documentation and technical specification writing
2025-11-22,16,3:30am-6:42am: GBIM spatial data pipeline development | 6:42am-9:00am: Break/lunch | 1:30pm-4:42pm: Geospatial query optimization and spatial analysis functions | 4:42pm-8:00pm: Break/dinner | 8:00pm-11:12pm: System documentation and technical specification writing
2025-11-23,16,3:30am-6:42am: PostgreSQL query optimization and spatial indexing | 6:42am-9:00am: Break/lunch | 1:30pm-4:42pm: Code review and refactoring for microservices consistency | 4:42pm-8:00pm: Break/dinner | 8:00pm-11:12pm: Testing suite development for API endpoints
2025-11-24,16,3:30am-6:42am: Geospatial query optimization and spatial analysis functions | 6:42am-9:00am: Break/lunch | 1:30pm-4:42pm: Ms. Jarvis LLM orchestration layer development | 4:42pm-8:00pm: Break/dinner | 8:00pm-11:12pm: ChromaDB vector database configuration and embedding optimization
2025-11-25,16,3:30am-6:42am: Gateway routing configuration and service mesh testing | 6:42am-9:00am: Break/lunch | 1:30pm-4:42pm: PostgreSQL query optimization and spatial indexing | 4:42pm-8:00pm: Break/dinner | 8:00pm-11:12pm: GeoDB schema development and PostGIS integration
2025-11-26,16,Took Ms. Jarvis down to base metal for rebuild and documentation - Day 1
2025-11-27,16,Ms. Jarvis base metal rebuild and documentation - Day 2
2025-11-28,16,Ms. Jarvis base metal rebuild and documentation - Day 3
2025-11-29,0,Day off
2025-11-30,0,Day off
2025-12-01,16,3:30am-6:42am: MountainShares mutual credit ledger backend development | 6:42am-9:00am: Break/lunch | 1:30pm-4:42pm: MountainShares mutual credit ledger backend development (continued) | 4:42pm-8:00pm: Break/dinner | 8:00pm-11:12pm: Community governance platform backend development
2025-12-02,16,3:30am-6:42am: PostgreSQL query optimization and spatial indexing | 6:42am-9:00am: Break/lunch | 1:30pm-4:42pm: PostgreSQL query optimization and spatial indexing (continued) | 4:42pm-8:00pm: Break/dinner | 8:00pm-11:12pm: Community governance platform backend development
2025-12-03,16,3:30am-6:42am: FastAPI endpoint development and API gateway integration | 6:42am-9:00am: Break/lunch | 1:30pm-4:42pm: FastAPI endpoint development and API gateway integration (continued) | 4:42pm-8:00pm: Break/dinner | 8:00pm-11:12pm: System monitoring setup and error logging infrastructure
2025-12-04,16,3:30am-6:42am: PostgreSQL query optimization and spatial indexing | 6:42am-9:00am: Break/lunch | 1:30pm-4:42pm: FastAPI endpoint development and API gateway integration | 4:42pm-8:00pm: Break/dinner | 8:00pm-11:12pm: Authentication and authorization middleware development
2025-12-05,16,3:30am-6:42am: Ms. Jarvis LLM orchestration layer development | 6:42am-9:00am: Break/lunch | 1:30pm-4:42pm: System monitoring setup and error logging infrastructure | 4:42pm-8:00pm: Break/dinner | 8:00pm-11:12pm: Uvicorn deployment configuration and performance tuning
2025-12-06,16,3:30am-6:42am: Gateway routing configuration and service mesh testing | 6:42am-9:00am: Break/lunch | 1:30pm-4:42pm: Spatial database backup and recovery procedures | 4:42pm-8:00pm: Break/dinner | 8:00pm-11:12pm: GBIM spatial data pipeline development
2025-12-07,16,3:30am-6:42am: Gateway routing configuration and service mesh testing | 6:42am-9:00am: Break/lunch | 1:30pm-4:42pm: Gateway routing configuration and service mesh testing (continued) | 4:42pm-8:00pm: Break/dinner | 8:00pm-11:12pm: Authentication and authorization middleware development
2025-12-08,16,3:30am-6:42am: System documentation and technical specification writing | 6:42am-9:00am: Break/lunch | 1:30pm-4:42pm: Data integration pipelines and ETL process development | 4:42pm-8:00pm: Break/dinner | 8:00pm-11:12pm: Testing suite development for API endpoints
2025-12-09,16,3:30am-6:42am: Geospatial query optimization and spatial analysis functions | 6:42am-9:00am: Break/lunch | 1:30pm-4:42pm: Geospatial query optimization and spatial analysis functions (continued) | 4:42pm-8:00pm: Break/dinner | 8:00pm-11:12pm: Ms. Jarvis LLM orchestration layer development
2025-12-10,16,3:30am-6:42am: PostgreSQL query optimization and spatial indexing | 6:42am-9:00am: Break/lunch | 1:30pm-4:42pm: Gateway routing configuration and service mesh testing | 4:42pm-8:00pm: Break/dinner | 8:00pm-11:12pm: GBIM spatial data pipeline development
2025-12-11,16,3:30am-6:42am: Code review and refactoring for microservices consistency | 6:42am-9:00am: Break/lunch | 1:30pm-4:42pm: GeoDB schema development and PostGIS integration | 4:42pm-8:00pm: Break/dinner | 8:00pm-11:12pm: Testing suite development for API endpoints
2025-12-12,16,3:30am-6:42am: Authentication and authorization middleware development | 6:42am-9:00am: Break/lunch | 1:30pm-4:42pm: ChromaDB vector database configuration and embedding optimization | 4:42pm-8:00pm: Break/dinner | 8:00pm-11:12pm: Database migration scripts and data integrity testing
2025-12-13,16,3:30am-6:42am: Spatial database backup and recovery procedures | 6:42am-9:00am: Break/lunch | 1:30pm-4:42pm: System monitoring setup and error logging infrastructure | 4:42pm-8:00pm: Break/dinner | 8:00pm-11:12pm: Geospatial query optimization and spatial analysis functions
2025-12-14,16,3:30am-6:42am: Database migration scripts and data integrity testing | 6:42am-9:00am: Break/lunch | 1:30pm-4:42pm: Database migration scripts and data integrity testing (continued) | 4:42pm-8:00pm: Break/dinner | 8:00pm-11:12pm: PostgreSQL query optimization and spatial indexing
2025-12-15,16,3:30am-6:42am: System documentation and technical specification writing | 6:42am-9:00am: Break/lunch | 1:30pm-4:42pm: System documentation and technical specification writing (continued) | 4:42pm-8:00pm: Break/dinner | 8:00pm-11:12pm: Geospatial query optimization and spatial analysis functions
2025-12-16,16,3:30am-6:42am: GBIM spatial data pipeline development | 6:42am-9:00am: Break/lunch | 1:30pm-4:42pm: GeoDB schema development and PostGIS integration | 4:42pm-8:00pm: Break/dinner | 8:00pm-11:12pm: MountainShares mutual credit ledger backend development
2025-12-17,16,3:30am-6:42am: System documentation and technical specification writing | 6:42am-9:00am: Break/lunch | 1:30pm-4:42pm: System documentation and technical specification writing (continued) | 4:42pm-8:00pm: Break/dinner | 8:00pm-11:12pm: Testing suite development for API endpoints
2025-12-18,16,3:30am-6:42am: Testing suite development for API endpoints | 6:42am-9:00am: Break/lunch | 1:30pm-4:42pm: Testing suite development for API endpoints (continued) | 4:42pm-8:00pm: Break/dinner | 8:00pm-11:12pm: Authentication and authorization middleware development
2025-12-19,16,3:30am-6:42am: MountainShares mutual credit ledger backend development | 6:42am-9:00am: Break/lunch | 1:30pm-4:42pm: MountainShares mutual credit ledger backend development (continued) | 4:42pm-8:00pm: Break/dinner | 8:00pm-11:12pm: GBIM spatial data pipeline development
2025-12-20,16,3:30am-6:42am: GBIM spatial data pipeline development | 6:42am-9:00am: Break/lunch | 1:30pm-4:42pm: Docker containerization and microservices architecture | 4:42pm-8:00pm: Break/dinner | 8:00pm-11:12pm: System monitoring setup and error logging infrastructure
2025-12-21,16,3:30am-6:42am: Code review and refactoring for microservices consistency | 6:42am-9:00am: Break/lunch | 1:30pm-4:42pm: PostgreSQL query optimization and spatial indexing | 4:42pm-8:00pm: Break/dinner | 8:00pm-11:12pm: Authentication and authorization middleware development
2025-12-22,16,3:30am-6:42am: System monitoring setup and error logging infrastructure | 6:42am-9:00am: Break/lunch | 1:30pm-4:42pm: MountainShares mutual credit ledger backend development | 4:42pm-8:00pm: Break/dinner | 8:00pm-11:12pm: Geospatial query optimization and spatial analysis functions
2025-12-23,0,Day off
2025-12-24,0,Day off
2025-12-25,16,Ms. Jarvis full system mesh achieved - all microservices integrated
2025-12-26,0,Day off
2025-12-27,0,Day off
2025-12-28,0,Day off
2025-12-29,0,Day off
2025-12-30,0,Day off
2025-12-31,16,3:30am-6:42am: Data integration pipelines and ETL process development | 6:42am-9:00am: Break/lunch | 1:30pm-4:42pm: Data integration pipelines and ETL process development (continued) | 4:42pm-8:00pm: Break/dinner | 8:00pm-11:12pm: Database migration scripts and data integrity testing
2026-01-01,16,3:30am-6:42am: Ms. Jarvis LLM orchestration layer development | 6:42am-9:00am: Break/lunch | 1:30pm-4:42pm: Ms. Jarvis LLM orchestration layer development (continued) | 4:42pm-8:00pm: Break/dinner | 8:00pm-11:12pm: PostgreSQL query optimization and spatial indexing
2026-01-02,16,3:30am-6:42am: Gateway routing configuration and service mesh testing | 6:42am-9:00am: Break/lunch | 1:30pm-4:42pm: Code review and refactoring for microservices consistency | 4:42pm-8:00pm: Break/dinner | 8:00pm-11:12pm: PostgreSQL query optimization and spatial indexing
2026-01-03,16,3:30am-6:42am: System documentation and technical specification writing | 6:42am-9:00am: Break/lunch | 1:30pm-4:42pm: System documentation and technical specification writing (continued) | 4:42pm-8:00pm: Break/dinner | 8:00pm-11:12pm: Spatial database backup and recovery procedures
2026-01-04,16,3:30am-6:42am: Docker containerization and microservices architecture | 6:42am-9:00am: Break/lunch | 1:30pm-4:42pm: Geospatial query optimization and spatial analysis functions | 4:42pm-8:00pm: Break/dinner | 8:00pm-11:12pm: Testing suite development for API endpoints
2026-01-05,16,3:30am-6:42am: Uvicorn deployment configuration and performance tuning | 6:42am-9:00am: Break/lunch | 1:30pm-4:42pm: Gateway routing configuration and service mesh testing | 4:42pm-8:00pm: Break/dinner | 8:00pm-11:12pm: Testing suite development for API endpoints
2026-01-06,16,GPU/CPU communication bug - OS reinstall and base metal rebuild
2026-01-07,16,3:30am-6:42am: Geospatial query optimization and spatial analysis functions | 6:42am-9:00am: Break/lunch | 1:30pm-4:42pm: Gateway routing configuration and service mesh testing | 4:42pm-8:00pm: Break/dinner | 8:00pm-11:12pm: Database migration scripts and data integrity testing
2026-01-08,16,3:30am-6:42am: Community governance platform backend development | 6:42am-9:00am: Break/lunch | 1:30pm-4:42pm: Community governance platform backend development (continued) | 4:42pm-8:00pm: Break/dinner | 8:00pm-11:12pm: Data integration pipelines and ETL process development
2026-01-09,16,3:30am-6:42am: Authentication and authorization middleware development | 6:42am-9:00am: Break/lunch | 1:30pm-4:42pm: Authentication and authorization middleware development (continued) | 4:42pm-8:00pm: Break/dinner | 8:00pm-11:12pm: ChromaDB vector database configuration and embedding optimization
2026-01-10,16,3:30am-6:42am: System monitoring setup and error logging infrastructure | 6:42am-9:00am: Break/lunch | 1:30pm-4:42pm: Data integration pipelines and ETL process development | 4:42pm-8:00pm: Break/dinner | 8:00pm-11:12pm: Community governance platform backend development
2026-01-11,16,3:30am-6:42am: System monitoring setup and error logging infrastructure | 6:42am-9:00am: Break/lunch | 1:30pm-4:42pm: System monitoring setup and error logging infrastructure (continued) | 4:42pm-8:00pm: Break/dinner | 8:00pm-11:12pm: ChromaDB vector database configuration and embedding optimization
2026-01-12,16,3:30am-6:42am: Code review and refactoring for microservices consistency | 6:42am-9:00am: Break/lunch | 1:30pm-4:42pm: Code review and refactoring for microservices consistency (continued) | 4:42pm-8:00pm: Break/dinner | 8:00pm-11:12pm: Community governance platform backend development
2026-01-13,0,Day off
2026-01-14,16,3:30am-6:42am: GBIM spatial data pipeline development | 6:42am-9:00am: Break/lunch | 1:30pm-4:42pm: Geospatial query optimization and spatial analysis functions | 4:42pm-8:00pm: Break/dinner | 8:00pm-11:12pm: Spatial database backup and recovery procedures
2026-01-15,16,3:30am-6:42am: GeoDB schema development and PostGIS integration | 6:42am-9:00am: Break/lunch | 1:30pm-4:42pm: Docker containerization and microservices architecture | 4:42pm-8:00pm: Break/dinner | 8:00pm-11:12pm: Authentication and authorization middleware development
2026-01-16,16,3:30am-6:42am: Ms. Jarvis LLM orchestration layer development | 6:42am-9:00am: Break/lunch | 1:30pm-4:42pm: Ms. Jarvis LLM orchestration layer development (continued) | 4:42pm-8:00pm: Break/dinner | 8:00pm-11:12pm: System monitoring setup and error logging infrastructure
2026-01-17,16,3:30am-6:42am: Gateway routing configuration and service mesh testing | 6:42am-9:00am: Break/lunch | 1:30pm-4:42pm: Data integration pipelines and ETL process development | 4:42pm-8:00pm: Break/dinner | 8:00pm-11:12pm: Ms. Jarvis LLM orchestration layer development
2026-01-18,16,3:30am-6:42am: Testing suite development for API endpoints | 6:42am-9:00am: Break/lunch | 1:30pm-4:42pm: Data integration pipelines and ETL process development | 4:42pm-8:00pm: Break/dinner | 8:00pm-11:12pm: Gateway routing configuration and service mesh testing
2026-01-19,16,3:30am-6:42am: Testing suite development for API endpoints | 6:42am-9:00am: Break/lunch | 1:30pm-4:42pm: ChromaDB vector database configuration and embedding optimization | 4:42pm-8:00pm: Break/dinner | 8:00pm-11:12pm: Ms. Jarvis LLM orchestration layer development
2026-01-20,16,3:30am-6:42am: System documentation and technical specification writing | 6:42am-9:00am: Break/lunch | 1:30pm-4:42pm: System documentation and technical specification writing (continued) | 4:42pm-8:00pm: Break/dinner | 8:00pm-11:12pm: MountainShares mutual credit ledger backend development
2026-01-21,16,3:30am-6:42am: Authentication and authorization middleware development | 6:42am-9:00am: Break/lunch | 1:30pm-4:42pm: Authentication and authorization middleware development (continued) | 4:42pm-8:00pm: Break/dinner | 8:00pm-11:12pm: GBIM spatial data pipeline development
2026-01-22,16,3:30am-6:42am: Geospatial query optimization and spatial analysis functions | 6:42am-9:00am: Break/lunch | 1:30pm-4:42pm: Geospatial query optimization and spatial analysis functions (continued) | 4:42pm-8:00pm: Break/dinner | 8:00pm-11:12pm: FastAPI endpoint development and API gateway integration
2026-01-23,16,3:30am-6:42am: GeoDB schema development and PostGIS integration | 6:42am-9:00am: Break/lunch | 1:30pm-4:42pm: ChromaDB vector database configuration and embedding optimization | 4:42pm-8:00pm: Break/dinner | 8:00pm-11:12pm: Gateway routing configuration and service mesh testing
2026-01-24,16,3:30am-6:42am: System documentation and technical specification writing | 6:42am-9:00am: Break/lunch | 1:30pm-4:42pm: System documentation and technical specification writing (continued) | 4:42pm-8:00pm: Break/dinner | 8:00pm-11:12pm: Uvicorn deployment configuration and performance tuning
2026-01-25,16,3:30am-6:42am: Authentication and authorization middleware development | 6:42am-9:00am: Break/lunch | 1:30pm-4:42pm: Docker containerization and microservices architecture | 4:42pm-8:00pm: Break/dinner | 8:00pm-11:12pm: MountainShares mutual credit ledger backend development
2026-01-26,16,3:30am-6:42am: Community governance platform backend development | 6:42am-9:00am: Break/lunch | 1:30pm-4:42pm: FastAPI endpoint development and API gateway integration | 4:42pm-8:00pm: Break/dinner | 8:00pm-11:12pm: Spatial database backup and recovery procedures
2026-01-27,16,3:30am-6:42am: Ms. Jarvis LLM orchestration layer development | 6:42am-9:00am: Break/lunch | 1:30pm-4:42pm: Ms. Jarvis LLM orchestration layer development (continued) | 4:42pm-8:00pm: Break/dinner | 8:00pm-11:12pm: Data integration pipelines and ETL process development
2026-01-28,16,3:30am-6:42am: System monitoring setup and error logging infrastructure | 6:42am-9:00am: Break/lunch | 1:30pm-4:42pm: System monitoring setup and error logging infrastructure (continued) | 4:42pm-8:00pm: Break/dinner | 8:00pm-11:12pm: Community governance platform backend development
2026-01-29,16,3:30am-6:42am: MountainShares mutual credit ledger backend development | 6:42am-9:00am: Break/lunch | 1:30pm-4:42pm: MountainShares mutual credit ledger backend development (continued) | 4:42pm-8:00pm: Break/dinner | 8:00pm-11:12pm: Geospatial query optimization and spatial analysis functions
2026-01-30,16,3:30am-6:42am: Geospatial query optimization and spatial analysis functions | 6:42am-9:00am: Break/lunch | 1:30pm-4:42pm: PostgreSQL query optimization and spatial indexing | 4:42pm-8:00pm: Break/dinner | 8:00pm-11:12pm: GeoDB schema development and PostGIS integration
2026-01-31,16,3:30am-6:42am: System documentation and technical specification writing | 6:42am-9:00am: Break/lunch | 1:30pm-4:42pm: Testing suite development for API endpoints | 4:42pm-8:00pm: Break/dinner | 8:00pm-11:12pm: FastAPI endpoint development and API gateway integration
2026-02-01,16,3:30am-6:42am: Database migration scripts and data integrity testing | 6:42am-9:00am: Break/lunch | 1:30pm-4:42pm: ChromaDB vector database configuration and embedding optimization | 4:42pm-8:00pm: Break/dinner | 8:00pm-11:12pm: Ms. Jarvis LLM orchestration layer development
2026-02-02,16,3:30am-6:42am: MountainShares mutual credit ledger backend development | 6:42am-9:00am: Break/lunch | 1:30pm-4:42pm: GBIM spatial data pipeline development | 4:42pm-8:00pm: Break/dinner | 8:00pm-11:12pm: PostgreSQL query optimization and spatial indexing
2026-02-03,16,3:30am-6:42am: Docker containerization and microservices architecture | 6:42am-9:00am: Break/lunch | 1:30pm-4:42pm: Testing suite development for API endpoints | 4:42pm-8:00pm: Break/dinner | 8:00pm-11:12pm: Code review and refactoring for microservices consistency
2026-02-04,16,3:30am-6:42am: Community governance platform backend development | 6:42am-9:00am: Break/lunch | 1:30pm-4:42pm: Spatial database backup and recovery procedures | 4:42pm-8:00pm: Break/dinner | 8:00pm-11:12pm: System monitoring setup and error logging infrastructure
